Application Ref,Merchant Name,Product,Application Status,Selected Regions,Business Description,Store URLs,Legal Rep Name,Legal Rep Email,Company Legal Name,Registration Number,Tax ID,Company Website,Address Line 1,City,Postal Code,Country Code,Parties Complete,Certificate of Incorporation,Articles of Association,Shareholder Register,Payout Banking,Regulatory Disclosures
APP-001,Northstar Software Ltd,MoR,DRAFT,"EU, UK",B2B SaaS platform selling subscription software to operations teams.,https://northstar.example/checkout,Maya Chen,maya@northstar.example,Northstar Software Ltd,09876543,GB123456789,https://northstar.example,18 King Street,London,EC2V 8AA,GB,True,True,True,True,True,True
APP-002,Atlas Learning Ltd,MoR,DRAFT,EU,Online learning platform selling professional courses.,https://atlas.example/store,Noah Green,noah@atlas.example,Atlas Learning Ltd,11223344,GB987654321,https://atlas.example,4 Market Road,Manchester,M1 1AA,GB,True,True,True,False,True,True
APP-003,PixelForge Games Ltd,ToR,DRAFT,"US, Canada",Independent games studio selling downloadable games and add-ons.,https://pixelforge.example/buy,Ava Smith,ava@pixelforge.example,PixelForge Games Ltd,55667788,GB111222333,https://pixelforge.example,21 River Lane,Bristol,BS1 4QA,GB,False,False,False,False,False,False
APP-004,Nova Health Apps Ltd,MoR,DRAFT,EU,,https://novahealth.example/pay,Leo White,leo@novahealth.example,Nova Health Apps Ltd,66778899,GB555666777,https://novahealth.example,7 Park Avenue,Leeds,LS1 2AB,GB,True,True,True,True,True,True
APP-005,Orbit Creator Tools Ltd,MoR,DRAFT,Australia,Subscription creative software for small design teams.,,Sara Malik,sara@orbit.example,Orbit Creator Tools Ltd,77889900,GB444555666,https://orbit.example,12 Station Street,Birmingham,B2 4QA,GB,True,True,False,False,True,True
APP-006,Helio Productivity Ltd,ToR,DRAFT,"EU, US",Productivity software for distributed teams.,https://helio.example/checkout,,ops@helio.example,Helio Productivity Ltd,88990011,GB222333444,https://helio.example,3 Queen Square,Bath,BA1 2HX,GB,False,False,False,False,False,False
APP-007,Cobalt Commerce Ltd,MoR,DRAFT,Brazil,E-commerce enablement software for independent brands.,https://cobalt.example/store,Daniel Kim,daniel@cobalt.example,Cobalt Commerce Ltd,99001122,GB333444555,https://cobalt.example,90 High Street,Cambridge,CB2 3PQ,GB,False,True,True,True,False,False
APP-008,Maple Data Studio Ltd,ToR,DRAFT,Canada,Data visualisation software sold on annual subscription.,https://maple.example/subscribe,Emily Jones,emily@maple.example,Maple Data Studio Ltd,,GB777888999,https://maple.example,54 Broad Street,Oxford,OX1 3BD,GB,False,False,False,False,False,False
APP-009,Aster Robotics Cloud Ltd,MoR,DRAFT,"US, EU",Cloud software for managing fleets of warehouse robots.,https://aster.example/plans,Tom Reed,tom@aster.example,Aster Robotics Cloud Ltd,10112233,GB888999000,https://aster.example,1 Innovation Way,Coventry,CV1 2TL,GB,True,True,True,True,True,False
APP-010,Quanta Research Ltd,ToR,DRAFT,,Research workflow platform for biotech teams.,https://quanta.example/checkout,Nina Patel,nina@quanta.example,Quanta Research Ltd,12123344,GB000111222,https://quanta.example,6 Science Park,Cambridge,CB4 0WS,GB,False,False,False,False,False,False
APP-011,Terra Analytics Ltd,MoR,DRAFT,EU,Environmental analytics software for infrastructure operators.,https://terra.example/buy,Grace Lee,grace@terra.example,Terra Analytics Ltd,14145566,,https://terra.example,22 Green Road,Edinburgh,EH1 2NG,GB,True,True,True,True,True,True
APP-012,Beacon Security Cloud Ltd,MoR,DRAFT,"EU, US",Cloud security platform for mid-market businesses.,https://beacon.example/subscribe,Owen Brown,owen@beacon.example,Beacon Security Cloud Ltd,15156677,GB321654987,https://beacon.example,40 Harbour Street,Liverpool,L1 8JQ,GB,True,False,False,False,False,False
